image_path,person_id,image_number
person_00/image_01.pgm,person_00,1
person_00/image_02.pgm,person_00,2
person_00/image_03.pgm,person_00,3
person_00/image_04.pgm,person_00,4
person_00/image_05.pgm,person_00,5
person_00/image_06.pgm,person_00,6
person_00/image_07.pgm,person_00,7
person_00/image_08.pgm,person_00,8
person_00/image_09.pgm,person_00,9
person_00/image_10.pgm,person_00,10
person_01/image_01.pgm,person_01,1
person_01/image_02.pgm,person_01,2
person_01/image_03.pgm,person_01,3
person_01/image_04.pgm,person_01,4
person_01/image_05.pgm,person_01,5
person_01/image_06.pgm,person_01,6
person_01/image_07.pgm,person_01,7
person_01/image_08.pgm,person_01,8
person_01/image_09.pgm,person_01,9
person_01/image_10.pgm,person_01,10
person_02/image_01.pgm,person_02,1
person_02/image_02.pgm,person_02,2
person_02/image_03.pgm,person_02,3
person_02/image_04.pgm,person_02,4
person_02/image_05.pgm,person_02,5
person_02/image_06.pgm,person_02,6
person_02/image_07.pgm,person_02,7
person_02/image_08.pgm,person_02,8
person_02/image_09.pgm,person_02,9
person_02/image_10.pgm,person_02,10
person_03/image_01.pgm,person_03,1
person_03/image_02.pgm,person_03,2
person_03/image_03.pgm,person_03,3
person_03/image_04.pgm,person_03,4
person_03/image_05.pgm,person_03,5
person_03/image_06.pgm,person_03,6
person_03/image_07.pgm,person_03,7
person_03/image_08.pgm,person_03,8
person_03/image_09.pgm,person_03,9
person_03/image_10.pgm,person_03,10
person_04/image_01.pgm,person_04,1
person_04/image_02.pgm,person_04,2
person_04/image_03.pgm,person_04,3
person_04/image_04.pgm,person_04,4
person_04/image_05.pgm,person_04,5
person_04/image_06.pgm,person_04,6
person_04/image_07.pgm,person_04,7
person_04/image_08.pgm,person_04,8
person_04/image_09.pgm,person_04,9
person_04/image_10.pgm,person_04,10
person_05/image_01.pgm,person_05,1
person_05/image_02.pgm,person_05,2
person_05/image_03.pgm,person_05,3
person_05/image_04.pgm,person_05,4
person_05/image_05.pgm,person_05,5
person_05/image_06.pgm,person_05,6
person_05/image_07.pgm,person_05,7
person_05/image_08.pgm,person_05,8
person_05/image_09.pgm,person_05,9
person_05/image_10.pgm,person_05,10
person_06/image_01.pgm,person_06,1
person_06/image_02.pgm,person_06,2
person_06/image_03.pgm,person_06,3
person_06/image_04.pgm,person_06,4
person_06/image_05.pgm,person_06,5
person_06/image_06.pgm,person_06,6
person_06/image_07.pgm,person_06,7
person_06/image_08.pgm,person_06,8
person_06/image_09.pgm,person_06,9
person_06/image_10.pgm,person_06,10
person_07/image_01.pgm,person_07,1
person_07/image_02.pgm,person_07,2
person_07/image_03.pgm,person_07,3
person_07/image_04.pgm,person_07,4
person_07/image_05.pgm,person_07,5
person_07/image_06.pgm,person_07,6
person_07/image_07.pgm,person_07,7
person_07/image_08.pgm,person_07,8
person_07/image_09.pgm,person_07,9
person_07/image_10.pgm,person_07,10
person_08/image_01.pgm,person_08,1
person_08/image_02.pgm,person_08,2
person_08/image_03.pgm,person_08,3
person_08/image_04.pgm,person_08,4
person_08/image_05.pgm,person_08,5
person_08/image_06.pgm,person_08,6
person_08/image_07.pgm,person_08,7
person_08/image_08.pgm,person_08,8
person_08/image_09.pgm,person_08,9
person_08/image_10.pgm,person_08,10
person_09/image_01.pgm,person_09,1
person_09/image_02.pgm,person_09,2
person_09/image_03.pgm,person_09,3
person_09/image_04.pgm,person_09,4
person_09/image_05.pgm,person_09,5
person_09/image_06.pgm,person_09,6
person_09/image_07.pgm,person_09,7
person_09/image_08.pgm,person_09,8
person_09/image_09.pgm,person_09,9
person_09/image_10.pgm,person_09,10
person_10/image_01.pgm,person_10,1
person_10/image_02.pgm,person_10,2
person_10/image_03.pgm,person_10,3
person_10/image_04.pgm,person_10,4
person_10/image_05.pgm,person_10,5
person_10/image_06.pgm,person_10,6
person_10/image_07.pgm,person_10,7
person_10/image_08.pgm,person_10,8
person_10/image_09.pgm,person_10,9
person_10/image_10.pgm,person_10,10
person_11/image_01.pgm,person_11,1
person_11/image_02.pgm,person_11,2
person_11/image_03.pgm,person_11,3
person_11/image_04.pgm,person_11,4
person_11/image_05.pgm,person_11,5
person_11/image_06.pgm,person_11,6
person_11/image_07.pgm,person_11,7
person_11/image_08.pgm,person_11,8
person_11/image_09.pgm,person_11,9
person_11/image_10.pgm,person_11,10
person_12/image_01.pgm,person_12,1
person_12/image_02.pgm,person_12,2
person_12/image_03.pgm,person_12,3
person_12/image_04.pgm,person_12,4
person_12/image_05.pgm,person_12,5
person_12/image_06.pgm,person_12,6
person_12/image_07.pgm,person_12,7
person_12/image_08.pgm,person_12,8
person_12/image_09.pgm,person_12,9
person_12/image_10.pgm,person_12,10
person_13/image_01.pgm,person_13,1
person_13/image_02.pgm,person_13,2
person_13/image_03.pgm,person_13,3
person_13/image_04.pgm,person_13,4
person_13/image_05.pgm,person_13,5
person_13/image_06.pgm,person_13,6
person_13/image_07.pgm,person_13,7
person_13/image_08.pgm,person_13,8
person_13/image_09.pgm,person_13,9
person_13/image_10.pgm,person_13,10
person_14/image_01.pgm,person_14,1
person_14/image_02.pgm,person_14,2
person_14/image_03.pgm,person_14,3
person_14/image_04.pgm,person_14,4
person_14/image_05.pgm,person_14,5
person_14/image_06.pgm,person_14,6
person_14/image_07.pgm,person_14,7
person_14/image_08.pgm,person_14,8
person_14/image_09.pgm,person_14,9
person_14/image_10.pgm,person_14,10
person_15/image_01.pgm,person_15,1
person_15/image_02.pgm,person_15,2
person_15/image_03.pgm,person_15,3
person_15/image_04.pgm,person_15,4
person_15/image_05.pgm,person_15,5
person_15/image_06.pgm,person_15,6
person_15/image_07.pgm,person_15,7
person_15/image_08.pgm,person_15,8
person_15/image_09.pgm,person_15,9
person_15/image_10.pgm,person_15,10
person_16/image_01.pgm,person_16,1
person_16/image_02.pgm,person_16,2
person_16/image_03.pgm,person_16,3
person_16/image_04.pgm,person_16,4
person_16/image_05.pgm,person_16,5
person_16/image_06.pgm,person_16,6
person_16/image_07.pgm,person_16,7
person_16/image_08.pgm,person_16,8
person_16/image_09.pgm,person_16,9
person_16/image_10.pgm,person_16,10
person_17/image_01.pgm,person_17,1
person_17/image_02.pgm,person_17,2
person_17/image_03.pgm,person_17,3
person_17/image_04.pgm,person_17,4
person_17/image_05.pgm,person_17,5
person_17/image_06.pgm,person_17,6
person_17/image_07.pgm,person_17,7
person_17/image_08.pgm,person_17,8
person_17/image_09.pgm,person_17,9
person_17/image_10.pgm,person_17,10
person_18/image_01.pgm,person_18,1
person_18/image_02.pgm,person_18,2
person_18/image_03.pgm,person_18,3
person_18/image_04.pgm,person_18,4
person_18/image_05.pgm,person_18,5
person_18/image_06.pgm,person_18,6
person_18/image_07.pgm,person_18,7
person_18/image_08.pgm,person_18,8
person_18/image_09.pgm,person_18,9
person_18/image_10.pgm,person_18,10
person_19/image_01.pgm,person_19,1
person_19/image_02.pgm,person_19,2
person_19/image_03.pgm,person_19,3
person_19/image_04.pgm,person_19,4
person_19/image_05.pgm,person_19,5
person_19/image_06.pgm,person_19,6
person_19/image_07.pgm,person_19,7
person_19/image_08.pgm,person_19,8
person_19/image_09.pgm,person_19,9
person_19/image_10.pgm,person_19,10
person_20/image_01.pgm,person_20,1
person_20/image_02.pgm,person_20,2
person_20/image_03.pgm,person_20,3
person_20/image_04.pgm,person_20,4
person_20/image_05.pgm,person_20,5
person_20/image_06.pgm,person_20,6
person_20/image_07.pgm,person_20,7
person_20/image_08.pgm,person_20,8
person_20/image_09.pgm,person_20,9
person_20/image_10.pgm,person_20,10
person_21/image_01.pgm,person_21,1
person_21/image_02.pgm,person_21,2
person_21/image_03.pgm,person_21,3
person_21/image_04.pgm,person_21,4
person_21/image_05.pgm,person_21,5
person_21/image_06.pgm,person_21,6
person_21/image_07.pgm,person_21,7
person_21/image_08.pgm,person_21,8
person_21/image_09.pgm,person_21,9
person_21/image_10.pgm,person_21,10
person_22/image_01.pgm,person_22,1
person_22/image_02.pgm,person_22,2
person_22/image_03.pgm,person_22,3
person_22/image_04.pgm,person_22,4
person_22/image_05.pgm,person_22,5
person_22/image_06.pgm,person_22,6
person_22/image_07.pgm,person_22,7
person_22/image_08.pgm,person_22,8
person_22/image_09.pgm,person_22,9
person_22/image_10.pgm,person_22,10
person_23/image_01.pgm,person_23,1
person_23/image_02.pgm,person_23,2
person_23/image_03.pgm,person_23,3
person_23/image_04.pgm,person_23,4
person_23/image_05.pgm,person_23,5
person_23/image_06.pgm,person_23,6
person_23/image_07.pgm,person_23,7
person_23/image_08.pgm,person_23,8
person_23/image_09.pgm,person_23,9
person_23/image_10.pgm,person_23,10
person_24/image_01.pgm,person_24,1
person_24/image_02.pgm,person_24,2
person_24/image_03.pgm,person_24,3
person_24/image_04.pgm,person_24,4
person_24/image_05.pgm,person_24,5
person_24/image_06.pgm,person_24,6
person_24/image_07.pgm,person_24,7
person_24/image_08.pgm,person_24,8
person_24/image_09.pgm,person_24,9
person_24/image_10.pgm,person_24,10
person_25/image_01.pgm,person_25,1
person_25/image_02.pgm,person_25,2
person_25/image_03.pgm,person_25,3
person_25/image_04.pgm,person_25,4
person_25/image_05.pgm,person_25,5
person_25/image_06.pgm,person_25,6
person_25/image_07.pgm,person_25,7
person_25/image_08.pgm,person_25,8
person_25/image_09.pgm,person_25,9
person_25/image_10.pgm,person_25,10
person_26/image_01.pgm,person_26,1
person_26/image_02.pgm,person_26,2
person_26/image_03.pgm,person_26,3
person_26/image_04.pgm,person_26,4
person_26/image_05.pgm,person_26,5
person_26/image_06.pgm,person_26,6
person_26/image_07.pgm,person_26,7
person_26/image_08.pgm,person_26,8
person_26/image_09.pgm,person_26,9
person_26/image_10.pgm,person_26,10
person_27/image_01.pgm,person_27,1
person_27/image_02.pgm,person_27,2
person_27/image_03.pgm,person_27,3
person_27/image_04.pgm,person_27,4
person_27/image_05.pgm,person_27,5
person_27/image_06.pgm,person_27,6
person_27/image_07.pgm,person_27,7
person_27/image_08.pgm,person_27,8
person_27/image_09.pgm,person_27,9
person_27/image_10.pgm,person_27,10
person_28/image_01.pgm,person_28,1
person_28/image_02.pgm,person_28,2
person_28/image_03.pgm,person_28,3
person_28/image_04.pgm,person_28,4
person_28/image_05.pgm,person_28,5
person_28/image_06.pgm,person_28,6
person_28/image_07.pgm,person_28,7
person_28/image_08.pgm,person_28,8
person_28/image_09.pgm,person_28,9
person_28/image_10.pgm,person_28,10
person_29/image_01.pgm,person_29,1
person_29/image_02.pgm,person_29,2
person_29/image_03.pgm,person_29,3
person_29/image_04.pgm,person_29,4
person_29/image_05.pgm,person_29,5
person_29/image_06.pgm,person_29,6
person_29/image_07.pgm,person_29,7
person_29/image_08.pgm,person_29,8
person_29/image_09.pgm,person_29,9
person_29/image_10.pgm,person_29,10
person_30/image_01.pgm,person_30,1
person_30/image_02.pgm,person_30,2
person_30/image_03.pgm,person_30,3
person_30/image_04.pgm,person_30,4
person_30/image_05.pgm,person_30,5
person_30/image_06.pgm,person_30,6
person_30/image_07.pgm,person_30,7
person_30/image_08.pgm,person_30,8
person_30/image_09.pgm,person_30,9
person_30/image_10.pgm,person_30,10
person_31/image_01.pgm,person_31,1
person_31/image_02.pgm,person_31,2
person_31/image_03.pgm,person_31,3
person_31/image_04.pgm,person_31,4
person_31/image_05.pgm,person_31,5
person_31/image_06.pgm,person_31,6
person_31/image_07.pgm,person_31,7
person_31/image_08.pgm,person_31,8
person_31/image_09.pgm,person_31,9
person_31/image_10.pgm,person_31,10
person_32/image_01.pgm,person_32,1
person_32/image_02.pgm,person_32,2
person_32/image_03.pgm,person_32,3
person_32/image_04.pgm,person_32,4
person_32/image_05.pgm,person_32,5
person_32/image_06.pgm,person_32,6
person_32/image_07.pgm,person_32,7
person_32/image_08.pgm,person_32,8
person_32/image_09.pgm,person_32,9
person_32/image_10.pgm,person_32,10
person_33/image_01.pgm,person_33,1
person_33/image_02.pgm,person_33,2
person_33/image_03.pgm,person_33,3
person_33/image_04.pgm,person_33,4
person_33/image_05.pgm,person_33,5
person_33/image_06.pgm,person_33,6
person_33/image_07.pgm,person_33,7
person_33/image_08.pgm,person_33,8
person_33/image_09.pgm,person_33,9
person_33/image_10.pgm,person_33,10
person_34/image_01.pgm,person_34,1
person_34/image_02.pgm,person_34,2
person_34/image_03.pgm,person_34,3
person_34/image_04.pgm,person_34,4
person_34/image_05.pgm,person_34,5
person_34/image_06.pgm,person_34,6
person_34/image_07.pgm,person_34,7
person_34/image_08.pgm,person_34,8
person_34/image_09.pgm,person_34,9
person_34/image_10.pgm,person_34,10
person_35/image_01.pgm,person_35,1
person_35/image_02.pgm,person_35,2
person_35/image_03.pgm,person_35,3
person_35/image_04.pgm,person_35,4
person_35/image_05.pgm,person_35,5
person_35/image_06.pgm,person_35,6
person_35/image_07.pgm,person_35,7
person_35/image_08.pgm,person_35,8
person_35/image_09.pgm,person_35,9
person_35/image_10.pgm,person_35,10
person_36/image_01.pgm,person_36,1
person_36/image_02.pgm,person_36,2
person_36/image_03.pgm,person_36,3
person_36/image_04.pgm,person_36,4
person_36/image_05.pgm,person_36,5
person_36/image_06.pgm,person_36,6
person_36/image_07.pgm,person_36,7
person_36/image_08.pgm,person_36,8
person_36/image_09.pgm,person_36,9
person_36/image_10.pgm,person_36,10
person_37/image_01.pgm,person_37,1
person_37/image_02.pgm,person_37,2
person_37/image_03.pgm,person_37,3
person_37/image_04.pgm,person_37,4
person_37/image_05.pgm,person_37,5
person_37/image_06.pgm,person_37,6
person_37/image_07.pgm,person_37,7
person_37/image_08.pgm,person_37,8
person_37/image_09.pgm,person_37,9
person_37/image_10.pgm,person_37,10
person_38/image_01.pgm,person_38,1
person_38/image_02.pgm,person_38,2
person_38/image_03.pgm,person_38,3
person_38/image_04.pgm,person_38,4
person_38/image_05.pgm,person_38,5
person_38/image_06.pgm,person_38,6
person_38/image_07.pgm,person_38,7
person_38/image_08.pgm,person_38,8
person_38/image_09.pgm,person_38,9
person_38/image_10.pgm,person_38,10
person_39/image_01.pgm,person_39,1
person_39/image_02.pgm,person_39,2
person_39/image_03.pgm,person_39,3
person_39/image_04.pgm,person_39,4
person_39/image_05.pgm,person_39,5
person_39/image_06.pgm,person_39,6
person_39/image_07.pgm,person_39,7
person_39/image_08.pgm,person_39,8
person_39/image_09.pgm,person_39,9
person_39/image_10.pgm,person_39,10
